0ߤWeb developmentߤflask is a bitch, css is funߤi dont knowߤ1500ߤ20ߤIn Progress
3ߤWeb developmentߤflask is a bitch, css is funߤi dont knowߤ1500ߤ20ߤIn Progress
5ߤWeb developmentߤflask is a bitch, css is funߤi dont knowߤ1500ߤ20ߤIn Progress
6ߤlakeߤi went to the lake, it was funߤidkߤ300ߤ10ߤDone
7ߤWeb developmentߤflask is a bitch, css is funߤi dont knowߤ1500ߤ20ߤIn Progress
8ߤlakeߤi went to the lake, it was funߤidkߤ300ߤ10ߤDone
11ߤWeb developmentߤflask is a bitch, css is funߤi dont knowߤ1500ߤ20ߤIn Progress
12ߤlakeߤi went to the lake, it was funߤidkߤ300ߤ10ߤDone
13ߤ Web development ߤflask is a bitch, css is funߤi dont knowߤ1500ߤ20ߤIn Progress
14ߤlakeߤi went to the lake, it was funߤidkߤ300ߤ10ߤDone
15ߤ Web development ߤflask is a bitch, css is funߤcxyߤ1500ߤ20ߤIn Progress
16ߤlakeߤi went to the lake, it was funߤidkߤ300ߤ10ߤDone
17ߤWeb developmentߤflask is a bitch, css is funߤi dont knowߤ1500ߤ20ߤIn Progress
18ߤlakeߤi went to the lake, it was funߤidkߤ300ߤ10ߤDone
21ߤWeb developmentߤflask is a bitch, css is funߤi dont knowߤ1500ߤ20ߤIn Progress
22ߤlakeߤi went to the lake, it was funߤidkߤ300ߤ10ߤDone
23ߤWeb developmentߤflask is a bitch, css is funߤi dont knowߤ1500ߤ20ߤIn Progress
24ߤlakeߤi went to the lake, it was funߤidkߤ300ߤ10ߤDone
25ߤ Web development ߤflask is a bitch, css is funߤi dont knownmbvmnvbߤ1500ߤ20ߤIn Progress
26ߤ 30231 ߤ23213213ߤvcxߤ600ߤ20ߤPlanning
26ߤ 30231 ߤ23213213ߤvcxߤ600ߤ20ߤPlanning
27ߤfdsfdsfasߤfasdfdasߤfdsafasfdasߤ200ߤ2ߤPlanning
0ߤWeb developmentߤflask is a bitch, css is funߤi dont knowߤ1500ߤ20ߤIn Progress
3ߤWeb developmentߤflask is a bitch, css is funߤi dont knowߤ1500ߤ20ߤIn Progress
5ߤWeb developmentߤflask is a bitch, css is funߤi dont knowߤ1500ߤ20ߤIn Progress
6ߤlakeߤi went to the lake, it was funߤidkߤ300ߤ10ߤDone
7ߤWeb developmentߤflask is a bitch, css is funߤi dont knowߤ1500ߤ20ߤIn Progress
8ߤlakeߤi went to the lake, it was funߤidkߤ300ߤ10ߤDone
11ߤWeb developmentߤflask is a bitch, css is funߤi dont knowߤ1500ߤ20ߤIn Progress
12ߤlakeߤi went to the lake, it was funߤidkߤ300ߤ10ߤDone
13ߤ Web development ߤflask is a bitch, css is funߤi dont knowߤ1500ߤ20ߤIn Progress
14ߤlakeߤi went to the lake, it was funߤidkߤ300ߤ10ߤDone
15ߤ Web development ߤflask is a bitch, css is funߤcxyߤ1500ߤ20ߤIn Progress
16ߤlakeߤi went to the lake, it was funߤidkߤ300ߤ10ߤDone
17ߤWeb developmentߤflask is a bitch, css is funߤi dont knowߤ1500ߤ20ߤIn Progress
18ߤlakeߤi went to the lake, it was funߤidkߤ300ߤ10ߤDone
21ߤWeb developmentߤflask is a bitch, css is funߤi dont knowߤ1500ߤ20ߤIn Progress
22ߤlakeߤi went to the lake, it was funߤidkߤ300ߤ10ߤDone
23ߤWeb developmentߤflask is a bitch, css is funߤi dont knowߤ1500ߤ20ߤIn Progress
24ߤlakeߤi went to the lake, it was funߤidkߤ300ߤ10ߤDone
25ߤ Web development ߤflask is a bitch, css is funߤi dont knownmbvmnvbߤ1500ߤ20ߤIn Progress
26ߤ 30231 ߤ23213213ߤvcxߤ600ߤ20ߤPlanning
26ߤ 30231 ߤ23213213ߤvcxߤ600ߤ20ߤPlanning
27ߤfdsfdsfasߤfasdfdasߤfdsafasfdasߤ200ߤ2ߤPlanning
0ߤWeb developmentߤflask is a bitch, css is funߤi dont knowߤ1500ߤ20ߤIn Progress
3ߤWeb developmentߤflask is a bitch, css is funߤi dont knowߤ1500ߤ20ߤIn Progress
5ߤWeb developmentߤflask is a bitch, css is funߤi dont knowߤ1500ߤ20ߤIn Progress
6ߤlakeߤi went to the lake, it was funߤidkߤ300ߤ10ߤDone
7ߤWeb developmentߤflask is a bitch, css is funߤi dont knowߤ1500ߤ20ߤIn Progress
8ߤlakeߤi went to the lake, it was funߤidkߤ300ߤ10ߤDone
11ߤWeb developmentߤflask is a bitch, css is funߤi dont knowߤ1500ߤ20ߤIn Progress
12ߤlakeߤi went to the lake, it was funߤidkߤ300ߤ10ߤDone
13ߤ Web development ߤflask is a bitch, css is funߤi dont knowߤ1500ߤ20ߤIn Progress
14ߤlakeߤi went to the lake, it was funߤidkߤ300ߤ10ߤDone
15ߤ Web development ߤflask is a bitch, css is funߤcxyߤ1500ߤ20ߤIn Progress
16ߤlakeߤi went to the lake, it was funߤidkߤ300ߤ10ߤDone
17ߤWeb developmentߤflask is a bitch, css is funߤi dont knowߤ1500ߤ20ߤIn Progress
18ߤlakeߤi went to the lake, it was funߤidkߤ300ߤ10ߤDone
21ߤWeb developmentߤflask is a bitch, css is funߤi dont knowߤ1500ߤ20ߤIn Progress
22ߤlakeߤi went to the lake, it was funߤidkߤ300ߤ10ߤDone
23ߤWeb developmentߤflask is a bitch, css is funߤi dont knowߤ1500ߤ20ߤIn Progress
24ߤlakeߤi went to the lake, it was funߤidkߤ300ߤ10ߤDone
25ߤ Web development ߤflask is a bitch, css is funߤi dont knownmbvmnvbߤ1500ߤ20ߤIn Progress
26ߤ 30231 ߤ23213213ߤvcxߤ600ߤ20ߤPlanning
26ߤ 30231 ߤ23213213ߤvcxߤ600ߤ20ߤPlanning
27ߤfdsfdsfasߤfasdfdasߤfdsafasfdasߤ200ߤ2ߤPlanning
0ߤWeb developmentߤflask is a bitch, css is funߤi dont knowߤ1500ߤ20ߤIn Progress
3ߤWeb developmentߤflask is a bitch, css is funߤi dont knowߤ1500ߤ20ߤIn Progress
5ߤWeb developmentߤflask is a bitch, css is funߤi dont knowߤ1500ߤ20ߤIn Progress
6ߤlakeߤi went to the lake, it was funߤidkߤ300ߤ10ߤDone
7ߤWeb developmentߤflask is a bitch, css is funߤi dont knowߤ1500ߤ20ߤIn Progress
8ߤlakeߤi went to the lake, it was funߤidkߤ300ߤ10ߤDone
11ߤWeb developmentߤflask is a bitch, css is funߤi dont knowߤ1500ߤ20ߤIn Progress
12ߤlakeߤi went to the lake, it was funߤidkߤ300ߤ10ߤDone
13ߤ Web development ߤflask is a bitch, css is funߤi dont knowߤ1500ߤ20ߤIn Progress
14ߤlakeߤi went to the lake, it was funߤidkߤ300ߤ10ߤDone
15ߤ Web development ߤflask is a bitch, css is funߤcxyߤ1500ߤ20ߤIn Progress
16ߤlakeߤi went to the lake, it was funߤidkߤ300ߤ10ߤDone
17ߤWeb developmentߤflask is a bitch, css is funߤi dont knowߤ1500ߤ20ߤIn Progress
18ߤlakeߤi went to the lake, it was funߤidkߤ300ߤ10ߤDone
21ߤWeb developmentߤflask is a bitch, css is funߤi dont knowߤ1500ߤ20ߤIn Progress
22ߤlakeߤi went to the lake, it was funߤidkߤ300ߤ10ߤDone
23ߤWeb developmentߤflask is a bitch, css is funߤi dont knowߤ1500ߤ20ߤIn Progress
24ߤlakeߤi went to the lake, it was funߤidkߤ300ߤ10ߤDone
25ߤ Web development ߤflask is a bitch, css is funߤi dont knownmbvmnvbߤ1500ߤ20ߤIn Progress
26ߤ 30231 ߤ23213213ߤvcxߤ600ߤ20ߤPlanning
26ߤ 30231 ߤ23213213ߤvcxߤ600ߤ20ߤPlanning
27ߤfdsfdsfasߤfasdfdasߤfdsafasfdasߤ200ߤ2ߤPlanning
0ߤWeb developmentߤflask is a bitch, css is funߤi dont knowߤ1500ߤ20ߤIn Progress
3ߤWeb developmentߤflask is a bitch, css is funߤi dont knowߤ1500ߤ20ߤIn Progress
5ߤWeb developmentߤflask is a bitch, css is funߤi dont knowߤ1500ߤ20ߤIn Progress
6ߤlakeߤi went to the lake, it was funߤidkߤ300ߤ10ߤDone
7ߤWeb developmentߤflask is a bitch, css is funߤi dont knowߤ1500ߤ20ߤIn Progress
8ߤlakeߤi went to the lake, it was funߤidkߤ300ߤ10ߤDone
11ߤWeb developmentߤflask is a bitch, css is funߤi dont knowߤ1500ߤ20ߤIn Progress
12ߤlakeߤi went to the lake, it was funߤidkߤ300ߤ10ߤDone
13ߤ Web development ߤflask is a bitch, css is funߤi dont knowߤ1500ߤ20ߤIn Progress
14ߤlakeߤi went to the lake, it was funߤidkߤ300ߤ10ߤDone
15ߤ Web development ߤflask is a bitch, css is funߤcxyߤ1500ߤ20ߤIn Progress
16ߤlakeߤi went to the lake, it was funߤidkߤ300ߤ10ߤDone
17ߤWeb developmentߤflask is a bitch, css is funߤi dont knowߤ1500ߤ20ߤIn Progress
18ߤlakeߤi went to the lake, it was funߤidkߤ300ߤ10ߤDone
21ߤWeb developmentߤflask is a bitch, css is funߤi dont knowߤ1500ߤ20ߤIn Progress
22ߤlakeߤi went to the lake, it was funߤidkߤ300ߤ10ߤDone
23ߤWeb developmentߤflask is a bitch, css is funߤi dont knowߤ1500ߤ20ߤIn Progress
24ߤlakeߤi went to the lake, it was funߤidkߤ300ߤ10ߤDone
25ߤ Web development ߤflask is a bitch, css is funߤi dont knownmbvmnvbߤ1500ߤ20ߤIn Progress
26ߤ 30231 ߤ23213213ߤvcxߤ600ߤ20ߤPlanning
26ߤ 30231 ߤ23213213ߤvcxߤ600ߤ20ߤPlanning
27ߤfdsfdsfasߤfasdfdasߤfdsafasfdasߤ200ߤ2ߤPlanning
0ߤWeb developmentߤflask is a bitch, css is funߤi dont knowߤ1500ߤ20ߤIn Progress
3ߤWeb developmentߤflask is a bitch, css is funߤi dont knowߤ1500ߤ20ߤIn Progress
5ߤWeb developmentߤflask is a bitch, css is funߤi dont knowߤ1500ߤ20ߤIn Progress
6ߤlakeߤi went to the lake, it was funߤidkߤ300ߤ10ߤDone
7ߤWeb developmentߤflask is a bitch, css is funߤi dont knowߤ1500ߤ20ߤIn Progress
8ߤlakeߤi went to the lake, it was funߤidkߤ300ߤ10ߤDone
11ߤWeb developmentߤflask is a bitch, css is funߤi dont knowߤ1500ߤ20ߤIn Progress
12ߤlakeߤi went to the lake, it was funߤidkߤ300ߤ10ߤDone
13ߤ Web development ߤflask is a bitch, css is funߤi dont knowߤ1500ߤ20ߤIn Progress
14ߤlakeߤi went to the lake, it was funߤidkߤ300ߤ10ߤDone
15ߤ Web development ߤflask is a bitch, css is funߤcxyߤ1500ߤ20ߤIn Progress
16ߤlakeߤi went to the lake, it was funߤidkߤ300ߤ10ߤDone
17ߤWeb developmentߤflask is a bitch, css is funߤi dont knowߤ1500ߤ20ߤIn Progress
18ߤlakeߤi went to the lake, it was funߤidkߤ300ߤ10ߤDone
21ߤWeb developmentߤflask is a bitch, css is funߤi dont knowߤ1500ߤ20ߤIn Progress
22ߤlakeߤi went to the lake, it was funߤidkߤ300ߤ10ߤDone
23ߤWeb developmentߤflask is a bitch, css is funߤi dont knowߤ1500ߤ20ߤIn Progress
24ߤlakeߤi went to the lake, it was funߤidkߤ300ߤ10ߤDone
25ߤ Web development ߤflask is a bitch, css is funߤi dont knownmbvmnvbߤ1500ߤ20ߤIn Progress
26ߤ 30231 ߤ23213213ߤvcxߤ600ߤ20ߤPlanning
26ߤ 30231 ߤ23213213ߤvcxߤ600ߤ20ߤPlanning
27ߤfdsfdsfasߤfasdfdasߤfdsafasfdasߤ200ߤ2ߤPlanning
0ߤWeb developmentߤflask is a bitch, css is funߤi dont knowߤ1500ߤ20ߤIn Progress
3ߤWeb developmentߤflask is a bitch, css is funߤi dont knowߤ1500ߤ20ߤIn Progress
5ߤWeb developmentߤflask is a bitch, css is funߤi dont knowߤ1500ߤ20ߤIn Progress
6ߤlakeߤi went to the lake, it was funߤidkߤ300ߤ10ߤDone
7ߤWeb developmentߤflask is a bitch, css is funߤi dont knowߤ1500ߤ20ߤIn Progress
8ߤlakeߤi went to the lake, it was funߤidkߤ300ߤ10ߤDone
11ߤWeb developmentߤflask is a bitch, css is funߤi dont knowߤ1500ߤ20ߤIn Progress
12ߤlakeߤi went to the lake, it was funߤidkߤ300ߤ10ߤDone
13ߤ Web development ߤflask is a bitch, css is funߤi dont knowߤ1500ߤ20ߤIn Progress
14ߤlakeߤi went to the lake, it was funߤidkߤ300ߤ10ߤDone
15ߤ Web development ߤflask is a bitch, css is funߤcxyߤ1500ߤ20ߤIn Progress
16ߤlakeߤi went to the lake, it was funߤidkߤ300ߤ10ߤDone
17ߤWeb developmentߤflask is a bitch, css is funߤi dont knowߤ1500ߤ20ߤIn Progress
18ߤlakeߤi went to the lake, it was funߤidkߤ300ߤ10ߤDone
21ߤWeb developmentߤflask is a bitch, css is funߤi dont knowߤ1500ߤ20ߤIn Progress
22ߤlakeߤi went to the lake, it was funߤidkߤ300ߤ10ߤDone
23ߤWeb developmentߤflask is a bitch, css is funߤi dont knowߤ1500ߤ20ߤIn Progress
27ߤfdsfdsfasߤfasdfdasߤfdsafasfdasߤ200ߤ2ߤPlanning
161ߤfewqfwqeߤfewqfqwefewqfߤewfwefweߤ200ߤ1ߤPlanning
161ߤcxycxyߤcxycxyߤcyxcxycxyߤ200ߤ2ߤTODO
162ߤnnvbcxnߤvbcxnbvcnvbcߤnvbcnvbcnvcbnbvcߤ500ߤ5ߤDone
163ߤvcxbnvcxnߤvbcntnztߤnztertghwߤ200ߤ2ߤPlanning
164ߤbnvdfnߤfgdngfhdnߤgfhngfnhfgnߤ200ߤ20ߤPlanning
